Wesp;Datum;Waarnemer;Beginuur;Duurtag;Voor/Na;Controle/Impact;WL1;WL2;WL3;averageWL;varWL;WW1;WW2;WW3;averageWW;varWW;ITS1;ITS2;ITS3;averageITS;varITS;0;0.5;1;1.5;2;2.5;3;3.5;4;4.5;5;5.5;6;6.5;7;7.5;8;8.5;9;9.5;10;10.5;11;11.5;12;somv;somk;somr;somw;somg;somb;somalles;percv;perck;percr;percw;percg;percb
Vladimir;18/jun;Martijn;NA;NA;voor;impact;12.99;13.21;13.48;13.23;0.060233333;4.27;4.13;4.05;4.15;0.0124;3.85;3.89;3.61;3.78;0.022933333;k;r;r;r;r;r;r;r;v;k;k;k;k;r;v;r;r;r;r;r;r;r;r;r;r;2;5;18;0;0;0;25;0.08;0.2;0.72;0;0;0
Vladimir;18/jun;Femke;NA;NA;na;impact;12.99;13.21;13.48;13.23;0.060233333;4.27;4.13;4.05;4.15;0.0124;3.85;3.89;3.61;3.78;0.022933333;k;r;r;r;r;r;r;r;k;r;r;r;r;k;k;w;r;r;r;r;r;r;k;w;k;0;6;17;2;0;0;25;0;0.24;0.68;0.08;0;0
Juan-Carlos;18/jun;Celien;14:45;5;voor;impact;13.42;13.67;13.39;13.49;0.023633333;3.71;4.13;4.27;4.04;0.084933333;4.58;4.34;4.29;4.4;0.024033333;k;r;r;r;r;r;k;r;r;k;k;r;k;k;k;k;k;k;r;r;r;r;r;k;k;0;12;13;0;0;0;25;0;0.48;0.52;0;0;0
Juan-Carlos;18/jun;Celien;14:45;5;na;impact;13.42;13.67;13.39;13.49;0.023633333;3.71;4.13;4.27;4.04;0.084933333;4.58;4.34;4.29;4.4;0.024033333;r;r;r;r;r;r;r;r;r;k;r;r;r;r;r;r;r;r;r;r;r;r;r;r;r;0;1;24;0;0;0;25;0;0.04;0.96;0;0;0
Archibald;18/jun;Celien;16:02;3;voor;impact;13.4;13.14;13.46;13.33;0.028933333;4.36;4.2;4.16;4.24;0.0112;4.56;3.8;4.15;4.17;0.1447;k;r;r;v;k;r;k;k;k;w;r;w;k;k;w;r;r;k;k;v;w;w;r;k;r;2;10;8;5;0;0;25;0.08;0.4;0.32;0.2;0;0
Archibald;18/jun;Celien;16:02;3;na;impact;13.4;13.14;13.46;13.33;0.028933333;4.36;4.2;4.16;4.24;0.0112;4.56;3.8;4.15;4.17;0.1447;k;r;r;r;r;r;r;r;r;r;r;r;g;w;r;k;k;k;k;k;k;w;r;r;r;0;7;15;2;1;0;25;0;0.28;0.6;0.08;0.04;0
Joaquin;18/jun;Ward;16:01;5;voor;controle;12.12;12.23;12.16;12.17;0.0031;3.66;3.87;3.77;3.77;0.011033333;3.35;3.46;3.36;3.39;0.0037;k;r;k;v;k;k;k;r;r;r;r;r;r;r;r;r;r;r;r;r;r;r;r;r;r;1;5;19;0;0;0;25;0.04;0.2;0.76;0;0;0
Joaquin;18/jun;Ward;16:01;5;na;controle;12.12;12.23;12.16;12.17;0.0031;3.66;3.87;3.77;3.77;0.011033333;3.35;3.46;3.36;3.39;0.0037;v;k;k;v;r;r;r;r;r;r;r;r;r;r;r;r;r;r;r;r;r;r;k;k;v;3;4;18;0;0;0;25;0.12;0.16;0.72;0;0;0
Sacha;18/jun;Ward;16:39;5;voor;controle;11.74;11.85;11.6;11.73;0.0157;3.65;3.61;3.87;3.71;0.0196;3.4;3.51;3.31;3.41;0.010033333;k;w;r;v;k;k;r;k;k;k;k;k;w;b;k;k;k;r;r;r;r;r;r;r;r;1;11;10;2;0;1;25;0.04;0.44;0.4;0.08;0;0.04
Sacha;18/jun;Ward;16:39;5;na;controle;11.74;11.85;11.6;11.73;0.0157;3.65;3.61;3.87;3.71;0.0196;3.4;3.51;3.31;3.41;0.010033333;k;k;k;r;r;r;r;r;r;r;r;r;r;r;r;r;r;r;r;r;r;r;r;r;k;0;4;21;0;0;0;25;0;0.16;0.84;0;0;0
Jose-Manuel;18/jun;Ward;14:57;4;voor;impact;12.86;12.2;12.25;12.44;0.135033333;3.81;4.02;4.02;3.95;0.0147;3.34;3.23;3.38;3.32;0.006033333;k;r;r;v;v;v;v;k;w;k;k;k;k;k;k;k;k;k;v;b;k;k;b;b;r;5;13;3;1;0;3;25;0.2;0.52;0.12;0.04;0;0.12
Jose-Manuel;18/jun;Ward;14:57;4;na;impact;12.86;12.2;12.25;12.44;0.135033333;3.81;4.02;4.02;3.95;0.0147;3.34;3.23;3.38;3.32;0.006033333;w;k;r;w;g;g;g;v;g;v;v;v;g;v;k;g;g;k;k;k;v;w;g;g;w;6;5;1;4;9;0;25;0.24;0.2;0.04;0.16;0.36;0
Nico;18/jun;Laura;15:54;4;voor;impact;13.44;13.48;13.21;13.38;0.021233333;3.93;3.94;4.12;4;0.011433333;3.82;3.92;3.93;3.89;0.0037;v;r;v;k;v;w;w;k;r;r;r;r;r;w;k;g;r;r;g;k;v;k;v;v;k;6;6;8;3;2;0;25;0.24;0.24;0.32;0.12;0.08;0
Nico;18/jun;Laura;15:54;4;na;impact;13.44;13.48;13.21;13.38;0.021233333;3.93;3.94;4.12;4;0.011433333;3.82;3.92;3.93;3.89;0.0037;r;r;r;r;r;r;r;r;r;r;r;r;r;r;r;r;k;k;k;r;r;r;r;r;r;0;3;22;0;0;0;25;0;0.12;0.88;0;0;0
Hugo;18/jun;Laura;16:55;4;voor;controle;12.43;12.66;12.28;12.46;0.036633333;3.56;3.48;3.73;3.59;0.0163;4.17;4.47;3.86;4.17;0.093033333;k;r;r;r;r;k;v;k;v;k;k;k;w;r;r;r;r;r;k;k;r;r;r;k;k;2;10;12;1;0;0;25;0.08;0.4;0.48;0.04;0;0
Hugo;18/jun;Laura;16:55;4;na;controle;12.43;12.66;12.28;12.46;0.036633333;3.56;3.48;3.73;3.59;0.0163;4.17;4.47;3.86;4.17;0.093033333;g;r;r;k;k;k;r;r;r;r;k;v;g;r;r;r;k;r;r;r;r;r;r;r;r;1;5;17;0;2;0;25;0.04;0.2;0.68;0;0.08;0
Igor;18/jun;Eliane;16:08;5;voor;controle;12.19;12.07;11.98;12.08;0.0111;3.76;3.8;3.93;3.83;0.0079;3.62;4.03;3.74;3.8;0.044433333;k;k;r;r;w;k;v;k;k;k;k;k;k;k;k;k;v;k;k;k;k;k;k;g;g;2;18;2;1;2;0;25;0.08;0.72;0.08;0.04;0.08;0
Igor;18/jun;Eliane;17:08;5;na;controle;12.19;12.07;11.98;12.08;0.0111;3.76;3.8;3.93;3.83;0.0079;3.62;4.03;3.74;3.8;0.044433333;g;r;k;g;v;k;k;k;k;k;r;k;v;r;k;r;g;g;r;r;r;r;w;g;r;2;8;9;1;5;0;25;0.08;0.32;0.36;0.04;0.2;0
Boris;18/jun;Eliane;16:50;2;voor;impact;12.96;12.85;13.01;12.94;0.0067;4.15;4.11;4.17;4.14;0.000933333;3.5;3.59;3.47;3.52;0.0039;k;r;r;r;r;k;k;k;k;w;r;k;k;b;k;k;k;k;b;b;k;k;b;b;k;0;14;5;1;0;5;25;0;0.56;0.2;0.04;0;0.2
Boris;18/jun;Eliane;17:50;2;na;impact;12.96;12.85;13.01;12.94;0.0067;4.15;4.11;4.17;4.14;0.000933333;3.5;3.59;3.47;3.52;0.0039;r;r;g;r;r;w;v;v;k;k;v;b;k;k;k;v;k;b;r;r;r;k;r;r;r;4;7;10;1;1;2;25;0.16;0.28;0.4;0.04;0.04;0.08
Johnny;18/jun;Eliane;14:45;5;voor;controle;14.47;15.2;15.55;15.07;0.303633333;4.54;4.46;4.85;4.62;0.042433333;4.34;4.35;4.15;4.28;0.0127;v;g;k;k;v;g;g;v;g;r;r;g;g;g;k;k;k;r;g;r;r;r;r;g;g;3;5;7;0;10;0;25;0.12;0.2;0.28;0;0.4;0
Johnny;18/jun;Eliane;14:45;5;na;controle;14.47;15.2;15.55;15.07;0.303633333;4.54;4.46;4.85;4.62;0.042433333;4.34;4.35;4.15;4.28;0.0127;k;r;r;r;r;r;r;r;r;r;r;r;r;r;r;w;r;r;r;r;r;r;r;r;r;0;1;23;1;0;0;25;0;0.04;0.92;0.04;0;0
Jorge;18/jun;Eliane;15:25;5;voor;controle;12.23;12.01;12.43;12.22;0.044133333;3.6;3.51;3.37;3.49;0.013433333;4.28;4.29;4.31;4.29;0.000233333;k;r;r;r;v;v;b;b;r;r;r;r;r;r;r;r;r;r;r;r;r;r;r;r;r;2;1;20;0;0;2;25;0.08;0.04;0.8;0;0;0.08
Jorge;18/jun;Eliane;15:25;5;na;controle;12.23;12.01;12.43;12.22;0.044133333;3.6;3.51;3.37;3.49;0.013433333;4.28;4.29;4.31;4.29;0.000233333;v;r;b;k;v;b;w;k;r;w;w;w;w;w;w;w;w;w;w;r;w;w;r;r;r;2;2;6;13;0;2;25;0.08;0.08;0.24;0.52;0;0.08
Samson;19/jun;Eliane;17:03;3;voor;controle;12.83;12.95;12.7;12.83;0.015633333;3.77;3.84;3.73;3.78;0.0031;4.28;4.11;4.24;4.21;0.0079;v;k;k;k;b;k;k;r;r;r;r;r;r;r;r;r;r;r;k;r;r;r;r;r;k;1;7;16;0;0;1;25;0.04;0.28;0.64;0;0;0.04
Samson;19/jun;Eliane;17:03;3;na;controle;12.83;12.95;12.7;12.83;0.015633333;3.77;3.84;3.73;3.78;0.0031;4.28;4.11;4.24;4.21;0.0079;k;k;k;r;r;r;r;r;r;r;k;k;r;r;k;k;r;r;r;r;r;r;r;r;r;0;7;18;0;0;0;25;0;0.28;0.72;0;0;0
Gert;19/jun;Ward;17:03;3;voor;impact;12.73;12.67;12.71;12.7;0.000933333;3.88;3.9;3.86;3.88;0.0004;4.51;4.43;4.52;4.49;0.002433333;v;v;k;k;v;k;k;w;k;k;w;k;k;k;k;r;k;k;k;v;r;k;k;k;k;4;17;2;2;0;0;25;0.16;0.68;0.08;0.08;0;0
Gert;19/jun;Ward;17:03;3;na;impact;12.73;12.67;12.71;12.7;0.000933333;3.88;3.9;3.86;3.88;0.0004;4.51;4.43;4.52;4.49;0.002433333;k;k;k;w;w;k;k;r;g;g;g;k;g;k;r;g;g;g;k;r;r;g;k;k;w;0;10;4;3;8;0;25;0;0.4;0.16;0.12;0.32;0
Emile;19/jun;Celien;NA;3;voor;controle;10.78;10.99;10.85;10.87;0.011433333;3.41;3.4;3.33;3.38;0.0019;3.33;3.19;3.23;3.25;0.0052;v;k;k;k;k;k;k;k;k;k;r;k;r;r;r;r;r;r;r;r;r;r;r;r;k;1;11;13;0;0;0;25;0.04;0.44;0.52;0;0;0
Emile;19/jun;Celien;NA;3;na;controle;10.78;10.99;10.85;10.87;0.011433333;3.41;3.4;3.33;3.38;0.0019;3.33;3.19;3.23;3.25;0.0052;k;k;k;k;k;k;k;k;k;v;k;k;r;r;r;r;r;r;r;r;r;r;r;r;r;1;11;13;0;0;0;25;0.04;0.44;0.52;0;0;0
Felix;19/jun;Celien;NA;3;voor;impact;12.06;12.17;12.05;12.09;0.004433333;3.46;3.41;3.68;3.52;0.020633333;4.15;4.16;4.05;4.12;0.0037;v;v;k;v;k;k;v;k;k;k;r;v;k;v;k;w;k;r;r;k;k;v;k;k;k;7;14;3;1;0;0;25;0.28;0.56;0.12;0.04;0;0
Felix;19/jun;Celien;NA;3;na;impact;12.06;12.17;12.05;12.09;0.004433333;3.46;3.41;3.68;3.52;0.020633333;4.15;4.16;4.05;4.12;0.0037;k;k;k;k;v;r;r;v;k;k;k;k;k;r;r;k;k;r;r;k;g;g;g;g;r;2;12;7;0;4;0;25;0.08;0.48;0.28;0;0.16;0
Octaaf;19/jun;Laura;15:46;3;voor;controle;11.38;11.45;11.56;11.46;0.008233333;3.3;3.47;3.39;3.39;0.007233333;4.09;3.91;4.3;4.1;0.0381;k;k;k;r;k;r;k;k;k;r;r;r;r;r;r;r;v;k;k;r;r;v;k;k;k;2;12;11;0;0;0;25;0.08;0.48;0.44;0;0;0
Octaaf;19/jun;Laura;15:46;3;na;controle;11.38;11.45;11.56;11.46;0.008233333;3.3;3.47;3.39;3.39;0.007233333;4.09;3.91;4.3;4.1;0.0381;k;r;r;r;r;k;k;k;r;r;r;r;r;r;r;r;r;r;k;r;r;r;r;v;r;1;5;19;0;0;0;25;0.04;0.2;0.76;0;0;0
Alberto;19/jun;Laura;15:46;3;voor;impact;11.73;11.82;11.82;11.79;0.0027;3.87;3.86;3.84;3.86;0.000233333;3.68;3.57;3.7;3.65;0.0049;k;k;k;v;v;k;k;b;r;r;r;r;r;w;w;r;r;r;r;r;r;r;r;r;r;2;5;15;2;0;1;25;0.08;0.2;0.6;0.08;0;0.04
Alberto;19/jun;Laura;15:46;3;na;impact;11.73;11.82;11.82;11.79;0.0027;3.87;3.86;3.84;3.86;0.000233333;3.68;3.57;3.7;3.65;0.0049;k;r;k;k;k;w;k;r;r;w;r;k;w;r;r;r;r;r;r;r;r;r;r;w;w;0;6;14;5;0;0;25;0;0.24;0.56;0.2;0;0
Joris;19/jun;Laura;13:46;7;voor;impact;12.6;12.47;12.62;12.56;0.006633333;3.52;3.51;3.66;3.56;0.007033333;3.95;3.91;4.08;3.98;0.0079;r;r;k;r;r;r;r;r;r;k;k;r;r;r;r;r;r;r;r;r;r;r;r;r;r;0;3;22;0;0;0;25;0;0.12;0.88;0;0;0
Joris;19/jun;Laura;13:46;7;na;impact;12.6;12.47;12.62;12.56;0.006633333;3.52;3.51;3.66;3.56;0.007033333;3.95;3.91;4.08;3.98;0.0079;k;r;r;r;r;r;r;r;r;r;r;r;r;r;r;r;r;r;r;r;r;r;r;r;r;0;1;24;0;0;0;25;0;0.04;0.96;0;0;0
Francis;19/jun;Laura;13:46;7;voor;controle;13.24;13.05;13.15;13.15;0.009033333;4.3;4.03;4.21;4.18;0.0189;3.63;3.75;3.59;3.66;0.006933333;v;r;r;k;k;k;v;r;r;r;b;w;r;r;r;r;r;r;r;r;r;r;r;r;r;2;3;18;1;0;1;25;0.08;0.12;0.72;0.04;0;0.04
Francis;19/jun;Laura;13:46;7;na;controle;13.24;13.05;13.15;13.15;0.009033333;;4.03;4.21;4.12;0.0162;3.63;3.75;3.59;3.66;0.006933333;r;k;r;g;k;k;r;r;r;w;r;r;r;r;r;r;r;r;r;r;r;r;r;r;r;0;3;20;1;1;0;25;0;0.12;0.8;0.04;0.04;0
Benny;19/jun;Eliane;14:34;5;voor;controle;12.41;12.48;12.92;12.6;0.076433333;4.3;3.74;3.85;3.96;0.088033333;3.31;3.38;3.37;3.35;0.001433333;k;v;v;k;b;k;k;r;v;k;w;r;k;k;w;w;w;r;r;r;r;r;r;r;r;3;7;10;4;0;1;25;0.12;0.28;0.4;0.16;0;0.04
Benny;19/jun;Eliane;14:34;5;na;controle;12.41;12.48;12.92;12.6;0.076433333;3.74;3.74;3.85;3.78;0.004033333;3.31;3.38;3.37;3.35;0.001433333;w;w;k;k;k;r;r;r;r;r;r;r;r;r;r;r;r;r;r;k;r;r;r;r;k;0;5;18;2;0;0;25;0;0.2;0.72;0.08;0;0
Sammy;19/jun;Eliane;14:34;5;voor;impact;11.85;12.09;12.13;12.02;0.022933333;3.9;4.05;3.74;3.9;0.024033333;3.58;3.58;3.61;3.59;0.0003;v;v;v;v;r;r;v;r;v;w;w;r;r;k;k;k;w;v;v;r;k;r;w;r;r;8;4;9;4;0;0;25;0.32;0.16;0.36;0.16;0;0
Sammy;19/jun;Eliane;14:34;5;na;impact;11.85;12.09;12.13;12.02;0.022933333;3.9;4.05;3.74;3.9;0.024033333;3.58;3.58;3.61;3.59;0.0003;w;w;k;w;k;w;w;r;r;r;w;r;v;r;r;r;r;r;r;r;r;r;r;r;r;1;2;16;6;0;0;25;0.04;0.08;0.64;0.24;0;0
Alain;19/jun;Laura;14:54;6;voor;impact;11.98;12.03;11.96;11.99;0.0013;3.72;3.69;3.72;3.71;0.0003;3.77;3.86;3.73;3.79;0.004433333;v;k;k;k;k;r;v;r;k;k;k;k;k;k;k;k;k;k;v;k;k;k;k;k;k;3;20;2;0;0;0;25;0.12;0.8;0.08;0;0;0
Alain;19/jun;Laura;14:54;6;na;impact;11.98;12.03;11.96;11.99;0.0013;3.72;3.69;3.72;3.71;0.0003;3.77;3.86;3.73;3.79;0.004433333;k;k;k;v;k;r;r;r;r;r;r;k;k;v;k;k;k;k;k;k;k;k;k;r;r;2;15;8;0;0;0;25;0.08;0.6;0.32;0;0;0
Arthur;19/jun;Celien;16:12;5;voor;controle;13.58;13.63;13.52;13.58;0.003033333;4;3.92;4.01;3.98;0.002433333;4.31;4.4;4.29;4.33;0.003433333;v;k;k;r;r;r;r;k;k;r;k;r;r;k;k;r;k;k;k;k;k;r;r;r;r;1;12;12;0;0;0;25;0.04;0.48;0.48;0;0;0
Arthur;19/jun;Celien;16:12;5;na;controle;13.58;13.63;13.52;13.58;0.003033333;4;3.92;4.01;3.98;0.002433333;4.31;4.4;4.29;4.33;0.003433333;k;k;r;r;r;r;r;r;r;r;r;r;r;r;r;r;r;r;r;r;r;r;r;r;r;0;2;23;0;0;0;25;0;0.08;0.92;0;0;0
Victor ;19/jun;Celien;16:12;5;voor;impact;11.82;11.93;11.77;11.84;0.0067;3.6;3.54;3.55;3.56;0.001033333;3.87;3.55;3.94;3.79;0.043233333;k;r;k;r;r;k;r;r;r;r;w;k;k;r;r;r;k;k;k;r;r;r;r;r;r;0;8;16;1;0;0;25;0;0.32;0.64;0.04;0;0
Victor ;19/jun;Celien;16:12;5;na;impact;11.82;11.93;11.77;11.84;0.0067;3.6;3.54;3.55;3.56;0.001033333;3.87;3.55;3.94;3.79;0.043233333;v;k;r;r;r;r;r;w;r;r;r;r;r;r;r;r;r;r;r;k;r;r;r;k;k;1;4;19;1;0;0;25;0.04;0.16;0.76;0.04;0;0
Piet;19/jun;Ward;13:45;5;voor;controle;13.65;13.84;13.48;13.66;0.032433333;3.81;3.79;3.79;3.8;0.000133333;4.95;4.58;4.84;4.79;0.0361;v;r;k;k;r;r;r;r;r;k;v;r;r;r;r;r;r;r;r;r;r;r;r;r;r;2;3;20;0;0;0;25;0.08;0.12;0.8;0;0;0
Piet;19/jun;Ward;13:45;5;na;controle;13.65;13.84;13.48;13.66;0.032433333;3.81;3.79;3.79;3.8;0.000133333;4.95;4.58;4.84;4.79;0.0361;r;r;r;r;r;r;r;r;r;r;r;r;r;r;r;r;r;r;r;r;r;r;w;r;b;0;0;23;1;0;1;25;0;0;0.92;0.04;0;0.04
Johan;19/jun;Ward;14:02;8;voor;impact;13.27;13.67;12.95;13.3;0.130133333;4.06;4.13;4.06;4.08;0.001633333;3.5;3.53;3.56;3.53;0.0009;v;b;k;v;b;k;v;r;r;r;r;r;r;r;r;r;r;r;r;r;r;r;r;r;r;3;2;18;0;0;2;25;0.12;0.08;0.72;0;0;0.08
Johan;19/jun;Ward;14:02;8;na;impact;13.27;13.67;12.95;13.3;0.130133333;4.06;4.13;4.06;4.08;0.001633333;3.5;3.53;3.56;3.53;0.0009;w;k;v;k;b;r;r;r;r;r;r;r;r;r;r;r;r;r;r;r;r;r;r;r;r;1;2;20;1;0;1;25;0.04;0.08;0.8;0.04;0;0.04
Bobby;19/jun;Ward;15:07;2;voor;controle;12.04;11.5;12.11;11.88;0.111433333;3.51;3.42;3.47;3.47;0.002033333;3.97;4.1;3.96;4.01;0.0061;v;r;k;k;k;v;r;k;k;k;r;k;v;k;b;k;k;k;w;r;r;r;r;r;r;3;11;9;1;0;1;25;0.12;0.44;0.36;0.04;0;0.04
Bobby;19/jun;Ward;15:07;2;na;controle;12.04;11.5;12.11;11.88;0.111433333;3.51;3.42;3.47;3.47;0.002033333;3.97;4.1;3.96;4.01;0.0061;v;b;k;k;r;r;r;r;r;r;r;r;r;r;r;r;r;r;r;r;r;r;r;r;r;1;2;21;0;0;1;25;0.04;0.08;0.84;0;0;0.04
Kuifje;19/jun;Ward;15:07;2;voor;impact;12.28;12.06;12.07;12.14;0.015433333;3.83;3.86;3.85;3.85;0.000233333;3.68;3.73;3.54;3.65;0.0097;v;v;r;r;r;r;k;v;k;r;r;r;r;r;r;r;r;r;r;r;r;r;r;k;r;3;3;19;0;0;0;25;0.12;0.12;0.76;0;0;0
Kuifje;19/jun;Ward;15:07;2;na;impact;12.28;12.06;12.07;12.14;0.015433333;3.83;3.86;3.85;3.85;0.000233333;3.68;3.73;3.54;3.65;0.0097;k;k;k;v;v;r;r;r;r;r;r;r;r;r;r;r;r;r;r;r;r;r;r;r;r;2;3;20;0;0;0;25;0.08;0.12;0.8;0;0;0
Jan;19/jun;Eliane;13:53;3;voor;controle;12.49;12.56;12.78;12.61;0.0229;3.73;3.77;3.77;3.76;0.000533333;3.86;3.77;3.91;3.85;0.005033333;k;r;r;r;r;r;r;r;r;r;r;k;k;k;k;r;k;k;v;v;k;k;k;r;r;2;10;13;0;0;0;25;0.08;0.4;0.52;0;0;0
Jan;19/jun;Eliane;13:53;3;na;controle;12.49;12.56;12.78;12.61;0.0229;3.73;3.77;3.77;3.76;0.000533333;3.86;3.77;3.91;3.85;0.005033333;k;r;r;r;r;r;r;r;r;r;r;r;r;r;r;r;r;r;r;r;r;r;r;v;w;1;1;22;1;0;0;25;0.04;0.04;0.88;0.04;0;0
Korneel;19/jun;Eliane;13:53;3;voor;impact;12.36;12.18;12.28;12.27;0.008133333;3.57;3.69;3.46;3.57;0.013233333;4.42;4.53;4.4;4.45;0.0049;k;r;r;r;r;r;r;r;r;r;r;r;r;r;r;r;r;r;r;r;r;r;r;r;r;0;1;24;0;0;0;25;0;0.04;0.96;0;0;0
Korneel;19/jun;Eliane;13:53;3;na;impact;12.36;12.18;12.28;12.27;0.008133333;3.57;3.69;3.46;3.57;0.013233333;4.42;4.53;4.4;4.45;0.0049;k;r;r;r;r;r;r;r;r;r;r;r;r;r;r;r;r;r;r;r;r;r;r;r;r;0;1;24;0;0;0;25;0;0.04;0.96;0;0;0
Bassie;19/jun;Eliane;15:35;5;voor;controle;12.73;12.54;12.7;12.66;0.010433333;3.78;3.78;3.72;3.76;0.0012;3.93;4.03;4.01;3.99;0.0028;v;r;r;r;r;w;k;k;k;v;k;v;k;k;k;k;k;k;v;k;k;k;g;v;k;5;14;4;1;1;0;25;0.2;0.56;0.16;0.04;0.04;0
Bassie;19/jun;Eliane;15:35;5;na;controle;12.73;12.54;12.7;12.66;0.010433333;3.78;3.78;3.72;3.76;0.0012;3.93;4.03;4.01;3.99;0.0028;w;k;r;r;w;w;r;r;r;r;r;r;r;r;r;k;k;k;k;r;r;r;r;r;r;0;5;17;3;0;0;25;0;0.2;0.68;0.12;0;0
Adriaan;19/jun;Eliane;15:35;5;voor;impact;12.6;12.61;12.66;12.62;0.001033333;3.9;3.99;3.93;3.94;0.0021;4.39;4.39;4.37;4.38;0.000133333;v;k;k;r;r;r;r;r;k;k;k;k;r;r;r;r;r;r;k;k;r;r;r;r;b;1;8;15;0;0;1;25;0.04;0.32;0.6;0;0;0.04
Adriaan;19/jun;Eliane;15:35;5;na;impact;12.6;12.61;12.66;12.62;0.001033333;3.9;3.99;3.93;3.94;0.0021;4.39;4.39;4.37;4.38;0.000133333;k;r;r;r;r;r;r;r;r;r;k;r;r;r;r;r;r;r;r;r;r;k;r;r;r;0;3;22;0;0;0;25;0;0.12;0.88;0;0;0
Lowie;19/jun;Celien;NA;5;voor;controle;12.39;12.59;12.8;12.59;0.042033333;3.6;3.61;3.65;3.62;0.0007;4.35;4.45;4.45;4.42;0.003333333;k;k;w;v;k;v;v;w;r;w;k;r;r;k;k;k;w;w;r;r;r;r;r;r;r;3;7;10;5;0;0;25;0.12;0.28;0.4;0.2;0;0
Lowie;19/jun;Celien;NA;5;na;controle;12.39;12.59;12.8;12.59;0.042033333;3.6;3.61;3.65;3.62;0.0007;4.35;4.45;4.45;4.42;0.003333333;v;w;w;w;k;r;r;r;r;r;r;r;r;r;r;r;r;r;r;r;r;r;r;r;r;1;1;20;3;0;0;25;0.04;0.04;0.8;0.12;0;0
Flor;19/jun;Celien;NA;5;voor;controle;13.78;13.47;13.78;13.68;0.032033333;4.21;4.15;4.1;4.15;0.003033333;4.23;4.1;4.32;4.22;0.012233333;k;w;v;r;r;k;r;r;k;k;r;k;w;r;r;r;r;r;r;r;r;w;r;r;r;1;5;16;3;0;0;25;0.04;0.2;0.64;0.12;0;0
Flor;19/jun;Celien;NA;5;na;controle;13.78;13.47;13.78;13.68;0.032033333;4.21;4.15;4.1;4.15;0.003033333;4.23;4.1;4.32;4.22;0.012233333;g;r;r;r;r;r;k;k;w;k;w;r;r;r;r;r;r;r;r;r;r;r;r;r;r;0;3;19;2;1;0;25;0;0.12;0.76;0.08;0.04;0
Michel;19/jun;Ward;16:06;4;voor;impact;13.06;12.79;12.88;12.91;0.0189;3.81;3.84;3.99;3.88;0.0093;3.99;4.16;4.13;4.09;0.008233333;v;k;k;w;k;r;r;r;r;r;r;r;r;r;r;r;r;r;r;r;r;r;r;r;r;1;3;20;1;0;0;25;0.04;0.12;0.8;0.04;0;0
Michel;19/jun;Ward;16:06;4;na;impact;13.06;12.79;12.88;12.91;0.0189;3.81;3.84;3.99;3.88;0.0093;3.99;4.16;4.13;4.09;0.008233333;k;r;r;r;r;r;r;r;r;r;r;r;r;r;r;r;r;r;r;r;r;r;r;r;r;0;1;24;0;0;0;25;0;0.04;0.96;0;0;0
Guido;19/jun;Ward;16:06;4;voor;controle;11.77;11.51;11.78;11.69;0.023433333;3.52;3.55;3.55;3.54;0.0003;4.3;4.68;4.26;4.41;0.053733333;v;r;r;r;r;r;r;v;r;r;r;r;r;r;r;r;r;r;r;r;r;r;r;r;r;2;0;23;0;0;0;25;0.08;0;0.92;0;0;0
Guido;19/jun;Ward;16:06;4;na;controle;11.77;11.51;11.78;11.69;0.023433333;3.52;3.55;3.55;3.54;0.0003;4.3;4.68;4.26;4.41;0.053733333;k;r;r;r;r;r;r;r;r;r;r;r;r;r;r;r;r;r;r;r;k;r;r;r;r;0;2;23;0;0;0;25;0;0.08;0.92;0;0;0
Balu;20/jun;Celien;11:23;3;voor;impact;12.63;12.47;12.34;12.48;0.0211;3.74;3.73;3.62;3.7;0.004433333;4.2;4.18;4.17;4.18;0.000233333;v;w;v;r;r;r;r;r;w;r;r;r;r;r;w;k;k;v;k;w;k;v;r;w;r;4;4;12;5;0;0;25;0.16;0.16;0.48;0.2;0;0
Balu;20/jun;Celien;11:23;3;na;impact;12.63;12.47;12.34;12.48;0.0211;3.74;3.73;3.62;3.7;0.004433333;4.2;4.18;4.17;4.18;0.000233333;k;k;r;r;r;r;r;r;r;r;r;r;r;w;r;r;r;r;r;r;r;r;k;r;r;0;3;21;1;0;0;25;0;0.12;0.84;0.04;0;0
Bagheera;20/jun;Celien;11:23;3;voor;controle;12.18;12.43;12.42;12.34;0.020033333;3.83;3.87;3.76;3.82;0.0031;3.78;3.75;3.83;3.79;0.001633333;k;r;v;r;r;r;r;k;k;k;v;v;k;k;k;k;k;k;k;w;k;k;v;r;r;4;13;7;1;0;0;25;0.16;0.52;0.28;0.04;0;0
Bagheera;20/jun;Celien;11:23;3;na;controle;12.18;12.43;12.42;12.34;0.020033333;3.83;3.87;3.76;3.82;0.0031;3.78;3.75;3.83;3.79;0.001633333;k;r;r;r;r;r;r;r;r;r;k;k;r;k;k;k;k;k;r;k;r;r;r;k;k;0;11;14;0;0;0;25;0;0.44;0.56;0;0;0
Wizzy;20/jun;Celien;10:38;4;voor;controle;12.74;12.53;13;12.76;0.055433333;3.92;3.78;3.78;3.83;0.006533333;4.22;3.98;4.02;4.07;0.016533333;k;r;v;r;v;v;k;r;r;k;k;k;k;r;r;r;r;r;k;r;r;r;r;r;v;4;7;14;0;0;0;25;0.16;0.28;0.56;0;0;0
Wizzy;20/jun;Celien;10:38;4;na;controle;12.74;12.53;13;12.76;0.055433333;3.92;3.78;3.78;3.83;0.006533333;4.22;3.98;4.02;4.07;0.016533333;k;r;r;r;r;r;r;r;r;r;r;r;r;r;r;w;r;r;r;r;r;r;r;k;k;0;3;21;1;0;0;25;0;0.12;0.84;0.04;0;0
Woppy;20/jun;Celien;10:38;4;voor;impact;13.1;13.06;12.85;13;0.018033333;4.01;4.19;4.05;4.08;0.008933333;4.48;4.31;4.31;4.37;0.009633333;v;k;v;k;w;w;w;v;v;k;r;r;r;r;r;r;r;r;w;w;r;k;r;w;r;4;4;11;6;0;0;25;0.16;0.16;0.44;0.24;0;0
Woppy;20/jun;Celien;10:38;4;na;impact;13.1;13.06;12.85;13;0.018033333;4.01;4.19;4.05;4.08;0.008933333;4.48;4.31;4.31;4.37;0.009633333;k;r;k;r;r;r;r;k;k;k;w;k;k;r;r;k;r;r;r;r;r;r;r;r;r;0;8;16;1;0;0;25;0;0.32;0.64;0.04;0;0
Stefano;20/jun;Celien;17:07;3;voor;controle;11.07;11.11;11.18;11.12;0.0031;2.67;2.9;2.79;2.79;0.013233333;3.42;3.54;3.54;3.5;0.0048;v;k;v;k;v;v;k;k;v;k;k;k;k;k;k;k;k;k;k;k;k;k;k;v;k;6;19;0;0;0;0;25;0.24;0.76;0;0;0;0
Stefano;20/jun;Celien;17:07;3;na;controle;11.07;11.11;11.18;11.12;0.0031;2.67;2.9;2.79;2.79;0.013233333;3.42;3.54;3.54;3.5;0.0048;w;w;k;k;k;k;k;v;k;r;r;r;r;k;k;k;r;r;r;r;k;k;k;k;r;1;13;9;2;0;0;25;0.04;0.52;0.36;0.08;0;0
Martijn;20/jun;Celien;17:07;3;voor;impact;11.76;12.15;12;11.97;0.0387;3.78;3.67;3.65;3.7;0.0049;3.85;3.76;3.7;3.77;0.0057;k;k;k;k;k;k;k;k;k;r;r;k;r;k;k;k;r;r;r;k;k;r;r;r;v;1;15;9;0;0;0;25;0.04;0.6;0.36;0;0;0
Martijn;20/jun;Celien;17:07;3;na;impact;11.76;12.15;12;11.97;0.0387;3.78;3.67;3.65;3.7;0.0049;3.85;3.76;3.7;3.77;0.0057;r;r;r;r;r;r;r;r;r;r;r;k;r;r;r;w;r;r;r;r;r;r;r;r;r;0;1;23;1;0;0;25;0;0.04;0.92;0.04;0;0
Scott;20/jun;Eliane;13:38;5;voor;controle;13.59;14.01;14;13.87;0.057433333;4.28;4.11;4.12;4.17;0.0091;4.14;4.18;4.21;4.18;0.001233333;v;w;w;v;k;k;k;k;r;k;v;k;k;k;k;r;r;r;r;r;r;r;v;k;k;4;11;8;2;0;0;25;0.16;0.44;0.32;0.08;0;0
Scott;20/jun;Eliane;13:38;5;na;controle;13.59;14.01;14;13.87;0.057433333;4.28;4.11;4.12;4.17;0.0091;4.14;4.18;4.21;4.18;0.001233333;k;k;r;r;r;k;r;r;r;r;r;w;v;k;k;r;r;k;k;r;r;r;r;r;r;1;7;16;1;0;0;25;0.04;0.28;0.64;0.04;0;0
Lumiere;20/jun;Eliane;13:38;5;voor;impact;10.62;10.83;10.87;10.77;0.018033333;3.14;3.35;3.3;3.26;0.012033333;3.71;3.75;3.74;3.73;0.000433333;v;v;r;r;k;r;r;r;w;r;k;v;k;k;v;k;k;k;k;v;k;k;k;v;k;6;12;6;1;0;0;25;0.24;0.48;0.24;0.04;0;0
Lumiere;20/jun;Eliane;13:38;5;na;impact;10.62;10.83;10.87;10.77;0.018033333;3.14;3.35;3.3;3.26;0.012033333;3.71;3.75;3.74;3.73;0.000433333;k;r;r;k;r;r;r;w;k;w;w;r;k;k;w;r;k;r;r;r;r;r;r;r;k;0;7;14;4;0;0;25;0;0.28;0.56;0.16;0;0
Gaston;20/jun;Eliane;14:34;3;voor;controle;12.28;12.49;12.39;12.39;0.011033333;3.72;3.68;3.81;3.74;0.004433333;4.06;4.04;4.08;4.06;0.0004;k;k;k;k;k;k;b;k;k;w;w;k;k;k;w;k;k;k;k;k;k;k;k;k;k;0;21;0;3;0;1;25;0;0.84;0;0.12;0;0.04
Gaston;20/jun;Eliane;14:34;3;na;controle;12.28;12.49;12.39;12.39;0.011033333;3.72;3.68;3.81;3.74;0.004433333;4.06;4.04;4.08;4.06;0.0004;v;k;k;w;k;r;w;k;k;k;w;k;k;k;k;k;k;k;k;k;k;v;v;v;k;4;17;1;3;0;0;25;0.16;0.68;0.04;0.12;0;0
Lefou;20/jun;Eliane;14:34;3;voor;impact;11.3;11.25;11.42;11.32;0.007633333;3.3;3.1;3.33;3.24;0.015633333;3.28;3.31;3.37;3.32;0.0021;v;v;k;k;k;k;k;k;k;k;k;k;k;k;k;k;k;v;k;k;k;k;k;k;v;4;21;0;0;0;0;25;0.16;0.84;0;0;0;0
Lefou;20/jun;Eliane;14:34;3;na;impact;11.3;11.25;11.42;11.32;0.007633333;3.3;3.1;3.33;3.24;0.015633333;3.28;3.31;3.37;3.32;0.0021;w;k;r;k;r;k;v;k;k;k;r;r;r;r;r;r;r;k;r;r;r;r;r;r;r;1;7;16;1;0;0;25;0.04;0.28;0.64;0.04;0;0
Lee;20/jun;Eliane;16:54;4;voor;impact;12.21;12.12;12.18;12.17;0.0021;3.63;3.52;3.61;3.59;0.003433333;3.95;3.78;3.78;3.84;0.009633333;v;k;k;w;k;k;k;k;k;k;k;k;k;w;k;k;w;w;k;k;k;k;k;k;k;1;20;0;4;0;0;25;0.04;0.8;0;0.16;0;0
Lee;20/jun;Eliane;16:54;4;na;impact;12.21;12.12;12.18;12.17;0.0021;3.63;3.52;3.61;3.59;0.003433333;3.95;3.78;3.78;3.84;0.009633333;w;k;k;k;k;v;k;v;k;k;k;k;w;k;k;k;k;k;k;k;k;k;k;v;r;3;19;1;2;0;0;25;0.12;0.76;0.04;0.08;0;0
Pierre;20/jun;Ward;17:03;3;voor;impact;11.06;10.96;11.19;11.07;0.0133;3.32;3.32;3.25;3.3;0.001633333;3.45;3.09;3.35;3.3;0.034533333;k;k;w;k;k;w;k;k;w;w;k;k;v;k;k;r;r;r;k;v;k;k;k;k;k;2;16;3;4;0;0;25;0.08;0.64;0.12;0.16;0;0
Pierre;20/jun;Ward;17:03;3;na;impact;11.06;10.96;11.19;11.07;0.0133;3.32;3.32;3.25;3.3;0.001633333;3.45;3.09;3.35;3.3;0.034533333;k;k;w;r;k;k;r;k;k;r;r;w;w;r;r;r;r;r;k;r;r;w;r;k;r;0;8;13;4;0;0;25;0;0.32;0.52;0.16;0;0
Eduardo;20/jun;Laura;14:50;3;voor;controle;10.85;10.94;10.75;10.85;0.009033333;3.3;3.29;3.26;3.28;0.000433333;3.28;3.07;3.12;3.16;0.012033333;v;k;k;k;k;v;k;k;k;k;k;k;w;k;w;k;k;k;w;k;k;k;k;k;k;2;20;0;3;0;0;25;0.08;0.8;0;0.12;0;0
Eduardo;20/jun;Laura;14:50;3;na;controle;10.85;10.94;10.75;10.85;0.009033333;3.3;3.29;3.26;3.28;0.000433333;3.28;3.07;3.12;3.16;0.012033333;v;k;v;k;k;k;k;k;k;k;k;v;k;k;k;k;k;k;k;k;k;k;k;k;k;3;22;0;0;0;0;25;0.12;0.88;0;0;0;0
Dean;20/060;Laura;14:50;3;voor;impact;11.69;11.78;12.02;11.83;0.0291;3.59;3.57;3.49;3.55;0.0028;4.09;4.2;4.26;4.18;0.007433333;v;k;k;k;k;k;k;k;k;k;k;k;r;r;k;k;k;k;k;k;k;v;r;r;k;2;19;4;0;0;0;25;0.08;0.76;0.16;0;0;0
Dean;20/060;Laura;14:50;3;na;impact;11.69;11.78;12.02;11.83;0.0291;3.59;3.57;3.49;3.55;0.0028;4.09;4.2;4.26;4.18;0.007433333;v;k;k;k;k;k;k;k;k;k;k;k;v;k;k;r;r;r;r;r;w;k;k;k;k;2;17;5;1;0;0;25;0.08;0.68;0.2;0.04;0;0
Jean-Pierre;20/jun;Ward;13:57;4;voor;impact;12.56;12.54;12.53;12.54;0.000233333;3.67;3.04;3.71;3.47;0.141233333;4.68;4.68;4.81;4.72;0.005633333;k;k;k;v;k;k;b;k;w;k;r;r;k;r;k;r;r;w;k;k;w;r;r;r;r;1;11;9;3;0;1;25;0.04;0.44;0.36;0.12;0;0.04
Jean-Pierre;20/jun;Ward;13:57;4;na;impact;12.56;12.54;12.53;12.54;0.000233333;3.67;3.04;3.71;3.47;0.141233333;4.68;4.68;4.81;4.72;0.005633333;v;k;k;b;b;k;r;r;r;r;r;r;r;r;r;r;r;r;r;w;r;r;k;k;k;1;6;15;1;0;2;25;0.04;0.24;0.6;0.04;0;0.08
Han;20/jun;Ward;12:58;4;voor;controle;12.52;12.72;12.57;12.6;0.010833333;3.8;3.84;3.81;3.82;0.000433333;3.64;3.55;3.54;3.58;0.003033333;v;k;k;k;k;k;k;k;k;k;k;v;k;k;w;k;k;k;k;v;k;k;k;k;k;3;21;0;1;0;0;25;0.12;0.84;0;0.04;0;0
Han;20/jun;Ward;12:58;4;na;controle;12.52;12.72;12.57;12.6;0.010833333;3.8;3.84;3.81;3.82;0.000433333;3.64;3.55;3.54;3.58;0.003033333;v;k;k;k;k;v;k;k;v;v;k;v;w;k;v;k;k;r;r;r;r;w;k;k;k;6;13;4;2;0;0;25;0.24;0.52;0.16;0.08;0;0
Jos;20/jun;Ward;12:58;4;voor;impact;13.29;13.19;13.33;13.27;0.0052;3.88;4.05;3.93;3.95;0.007633333;4.55;4.52;4.39;4.49;0.007233333;k;k;k;k;k;k;k;k;k;k;k;k;r;r;k;k;k;k;k;k;k;k;k;k;k;0;23;2;0;0;0;25;0;0.92;0.08;0;0;0
Jos;20/jun;Ward;12:58;4;na;impact;13.29;13.19;13.33;13.27;0.0052;3.88;4.05;3.93;3.95;0.007633333;4.55;4.52;4.39;4.49;0.007233333;v;k;k;k;k;k;r;r;r;k;r;r;r;r;k;k;k;r;r;k;k;w;k;r;k;1;13;10;1;0;0;25;0.04;0.52;0.4;0.04;0;0
Tom;20/jun;Ward;11:50;3;voor;impact;12.5;12.59;12.36;12.48;0.013433333;3.8;3.86;3.87;3.84;0.001433333;3.91;3.96;4.67;4.18;0.1807;v;r;r;k;r;v;w;k;v;r;r;r;r;r;r;r;w;r;w;r;r;r;w;r;r;3;2;16;4;0;0;25;0.12;0.08;0.64;0.16;0;0
Tom;20/jun;Ward;11:50;3;na;impact;12.5;12.59;12.36;12.48;0.013433333;3.8;3.86;3.87;3.84;0.001433333;3.91;3.96;4.67;4.18;0.1807;v;k;k;k;w;k;k;r;r;k;w;r;r;r;r;r;r;r;w;w;r;r;r;r;r;1;6;14;4;0;0;25;0.04;0.24;0.56;0.16;0;0
Jerry;20/jun;Ward;11:50;3;voor;controle;13.83;13.68;13.81;13.77;0.006633333;4.21;4.26;4.2;4.22;0.001033333;4.95;4.79;4.55;4.76;0.040533333;k;r;r;r;r;r;k;r;r;r;r;r;r;r;r;r;r;r;r;r;r;w;r;r;r;0;2;22;1;0;0;25;0;0.08;0.88;0.04;0;0
Jerry;20/jun;Ward;11:50;3;na;controle;13.83;13.68;13.81;13.77;0.006633333;4.21;4.26;4.2;4.22;0.001033333;4.95;4.79;4.55;4.76;0.040533333;k;r;v;r;r;r;r;r;r;r;r;r;r;r;r;r;r;r;r;r;r;r;r;r;r;1;1;23;0;0;0;25;0.04;0.04;0.92;0;0;0
Hagar;20/jun;Ward;11:05;5;voor;controle;12.03;12.11;12.06;12.07;0.001633333;4.15;4.09;4.14;4.13;0.001033333;4.73;4.61;5.08;4.81;0.059633333;v;k;r;r;r;r;r;r;w;r;w;w;w;r;r;r;r;w;r;r;r;r;r;w;w;1;1;16;7;0;0;25;0.04;0.04;0.64;0.28;0;0
Hagar;20/jun;Ward;11:05;5;na;controle;12.03;12.11;12.06;12.07;0.001633333;4.15;4.09;4.14;4.13;0.001033333;4.73;4.61;5.08;4.81;0.059633333;k;r;r;k;r;r;r;v;r;r;r;w;v;r;r;r;r;r;r;r;w;r;r;r;w;2;2;18;3;0;0;25;0.08;0.08;0.72;0.12;0;0
Rudy;20/jun;Laura;10:20;6;voor;impact;11.28;11.21;11.33;11.27;0.003633333;3.43;3.33;3.41;3.39;0.0028;3.13;3.17;3.18;3.16;0.0007;k;b;k;k;k;b;b;b;b;k;k;v;k;r;r;r;r;r;r;r;r;r;r;r;r;1;7;12;0;0;5;25;0.04;0.28;0.48;0;0;0.2
Rudy;20/jun;Laura;10:20;6;na;impact;11.28;11.21;11.33;11.27;0.003633333;3.43;3.33;3.41;3.39;0.0028;3.13;3.17;3.18;3.16;0.0007;k;k;k;k;k;k;k;k;k;b;k;k;k;r;r;r;r;r;r;r;w;w;r;r;r;0;12;10;2;0;1;25;0;0.48;0.4;0.08;0;0.04
Smeets;20/jun;Laura;13:32;5;voor;controle;13.55;13.54;13.93;13.67;0.049433333;3.94;3.89;3.9;3.91;0.0007;4.11;4.19;3.9;4.07;0.022433333;k;r;k;k;w;k;w;k;k;k;k;k;k;k;k;k;k;w;k;k;k;k;k;k;k;0;21;1;3;0;0;25;0;0.84;0.04;0.12;0;0
Smeets;20/jun;Laura;13:32;5;na;controle;13.55;13.54;13.93;13.67;0.049433333;3.94;3.89;3.9;3.91;0.0007;4.11;4.19;3.9;4.07;0.022433333;w;k;k;k;k;k;k;k;k;k;k;v;k;k;k;k;k;r;r;r;w;w;k;k;k;1;18;3;3;0;0;25;0.04;0.72;0.12;0.12;0;0
Angelo;20/jun;Laura;11:39;3;voor;controle;13.37;13.18;13.25;13.27;0.009233333;4.07;3.85;3.99;3.97;0.0124;4.29;4.24;4.14;4.22;0.005833333;r;k;k;k;k;r;r;r;r;r;r;r;r;r;r;r;r;k;k;v;r;k;k;k;r;1;9;15;0;0;0;25;0.04;0.36;0.6;0;0;0
Angelo;20/jun;Laura;11:39;3;na;controle;13.37;13.18;13.25;13.27;0.009233333;4.07;3.85;3.99;3.97;0.0124;4.29;4.24;4.14;4.22;0.005833333;r;r;r;r;r;r;w;r;r;r;r;r;r;r;r;r;k;k;k;v;k;k;r;r;r;1;5;18;1;0;0;25;0.04;0.2;0.72;0.04;0;0
Rob;20/jun;Eliane;12:33;9;voor;controle;13.25;13.21;13.18;13.21;0.001233333;3.49;3.7;3.52;3.57;0.0129;4.3;4.08;4.5;4.29;0.044133333;k;k;k;k;k;k;r;r;r;r;r;r;r;r;r;r;r;r;r;r;r;r;r;r;r;0;6;19;0;0;0;25;0;0.24;0.76;0;0;0
Rob;20/jun;Eliane;12:33;9;na;controle;13.25;13.21;13.18;13.21;0.001233333;3.49;3.7;3.52;3.57;0.0129;4.3;4.08;4.5;4.29;0.044133333;r;k;k;k;k;k;k;k;k;k;k;k;k;k;k;k;k;k;k;k;k;k;k;k;k;0;24;1;0;0;0;25;0;0.96;0.04;0;0;0
Corey;20/jun;Eliane;12:33;9;voor;impact;12.64;12.77;12.54;12.65;0.0133;3.81;3.86;3.87;3.85;0.001033333;3.61;3.8;3.87;3.76;0.0181;k;k;k;k;k;k;k;k;k;r;r;r;k;r;r;r;r;r;r;r;r;r;r;r;k;0;11;14;0;0;0;25;0;0.44;0.56;0;0;0
Corey;20/jun;Eliane;12:33;9;na;impact;12.64;12.77;12.54;12.65;0.0133;3.81;3.86;3.87;3.85;0.001033333;3.61;3.8;3.87;3.76;0.0181;r;k;k;k;k;r;k;k;k;r;r;r;r;r;r;r;r;r;r;r;r;r;k;r;r;0;8;17;0;0;0;25;0;0.32;0.68;0;0;0
Roel;20/jun;Celien;12:48;3;voor;impact;10.5;10.86;10.79;10.72;0.036433333;3.31;3.32;3.24;3.29;0.0019;3.45;3.37;3.7;3.51;0.029633333;k;k;k;k;k;k;k;k;k;k;k;k;k;k;k;k;k;r;r;r;r;r;r;k;v;1;18;6;0;0;0;25;0.04;0.72;0.24;0;0;0
Roel;20/jun;Celien;12:48;3;na;impact;10.5;10.86;10.79;10.72;0.036433333;3.31;3.32;3.24;3.29;0.0019;3.45;3.37;3.7;3.51;0.029633333;r;r;r;r;r;r;k;k;k;k;k;k;k;r;r;r;k;k;k;k;r;k;k;r;r;0;13;12;0;0;0;25;0;0.52;0.48;0;0;0
Maarten;20/jun;Celien;12:48;3;voor;controle;11.88;11.64;11.69;11.74;0.016033333;3.57;3.65;3.58;3.6;0.0019;3.73;3.73;3.75;3.74;0.000133333;k;r;r;r;r;r;r;r;r;r;r;r;r;r;r;r;r;r;k;r;r;r;r;r;r;0;2;23;0;0;0;25;0;0.08;0.92;0;0;0
Maarten;20/jun;Celien;12:48;3;na;controle;11.88;11.64;11.69;11.74;0.016033333;3.57;3.65;3.58;3.6;0.0019;3.73;3.73;3.75;3.74;0.000133333;k;r;r;r;r;r;r;r;r;r;r;w;r;r;r;r;r;r;w;k;k;k;k;r;r;0;5;18;2;0;0;25;0;0.2;0.72;0.08;0;0
Koen;20/jun;Femke;12:04;4;voor;impact;12.83;12.75;12.85;12.81;0.0028;3.96;3.88;3.92;3.92;0.0016;3.79;3.83;3.81;3.81;0.0004;k;r;k;k;k;k;k;k;k;k;k;k;k;k;k;b;r;r;r;r;r;r;r;r;r;0;14;10;0;0;1;25;0;0.56;0.4;0;0;0.04
Koen;20/jun;Femke;12:04;4;na;impact;12.83;12.75;12.85;12.81;0.0028;3.96;3.88;3.92;3.92;0.0016;3.79;3.83;3.81;3.81;0.0004;k;v;w;k;r;r;r;r;r;r;r;r;r;r;w;r;k;r;r;r;r;r;r;r;r;1;3;19;2;0;0;25;0.04;0.12;0.76;0.08;0;0
Thor;20/jun;Femke;12:04;4;voor;controle;12.33;12.24;12.42;12.33;0.0081;3.77;3.8;3.71;3.76;0.0021;4.03;4.06;3.96;4.02;0.002633333;v;k;k;k;k;k;k;k;k;r;r;v;v;k;b;r;r;r;r;r;r;r;r;r;r;3;9;12;0;0;1;25;0.12;0.36;0.48;0;0;0.04
Thor;20/jun;Femke;12:04;4;na;controle;12.33;12.24;12.42;12.33;0.0081;3.77;3.8;3.71;3.76;0.0021;4.03;4.06;3.96;4.02;0.002633333;k;v;k;b;v;b;r;r;r;r;r;r;r;r;r;r;b;k;k;r;r;r;r;r;r;2;4;16;0;0;3;25;0.08;0.16;0.64;0;0;0.12
Ferdinand;20/jun;Eliane;11:16;5;voor;controle;12.87;12.76;12.87;12.83;0.004033333;3.87;3.85;3.85;3.86;0.000133333;3.84;3.94;3.87;3.88;0.002633333;k;v;r;r;r;v;r;v;k;v;r;r;g;g;k;r;v;r;r;r;r;r;r;r;r;5;3;15;0;2;0;25;0.2;0.12;0.6;0;0.08;0
Ferdinand;20/jun;Eliane;11:16;5;na;controle;12.87;12.76;12.87;12.83;0.004033333;3.87;3.85;3.85;3.86;0.000133333;3.84;3.94;3.87;3.88;0.002633333;w;r;r;r;r;r;g;r;r;v;v;k;k;k;k;k;k;r;r;r;r;r;r;r;r;2;6;15;1;1;0;25;0.08;0.24;0.6;0.04;0.04;0
Harry;20/jun;Eliane;11:16;5;voor;impact;12.8;12.88;12.66;12.78;0.0124;3.99;3.87;3.96;3.94;0.0039;4.15;4.14;4.18;4.16;0.000433333;k;r;r;v;r;r;r;k;k;k;v;w;r;w;r;r;k;k;v;r;w;r;r;r;r;3;6;13;3;0;0;25;0.12;0.24;0.52;0.12;0;0
Harry;20/jun;Eliane;11:16;5;na;impact;12.8;12.88;12.66;12.78;0.0124;3.99;3.87;3.96;3.94;0.0039;4.15;4.14;4.18;4.16;0.000433333;r;r;k;k;k;k;k;r;r;r;r;r;r;r;r;r;r;r;r;r;r;r;r;r;r;0;5;20;0;0;0;25;0;0.2;0.8;0;0;0
Coco;20/jun;Eliane;10:32;4;voor;controle;11.2;11.25;11.56;11.34;0.038033333;3.45;3.62;3.61;3.56;0.0091;3.84;3.82;3.63;3.76;0.013433333;k;r;k;k;k;v;k;b;w;r;k;r;r;r;k;r;r;k;r;w;k;w;r;r;k;1;10;10;3;0;1;25;0.04;0.4;0.4;0.12;0;0.04
Coco;20/jun;Eliane;10:32;4;na;controle;11.2;11.25;11.56;11.34;0.038033333;3.45;3.62;3.61;3.56;0.0091;3.84;3.82;3.63;3.76;0.013433333;k;r;k;r;r;r;k;v;r;k;r;r;r;r;r;k;r;v;r;r;r;r;r;r;r;2;5;18;0;0;0;25;0.08;0.2;0.72;0;0;0
Ward;20/jun;Eliane;10:32;4;voor;controle;13.14;13.37;13.28;13.26;0.013433333;3.82;3.81;3.95;3.86;0.0061;4.4;4.32;4.4;4.37;0.002133333;v;k;v;k;k;k;r;r;r;r;r;r;r;r;r;r;r;k;k;b;k;w;r;r;k;2;8;13;1;0;1;25;0.08;0.32;0.52;0.04;0;0.04
Ward;20/jun;Eliane;10:32;4;na;controle;13.14;13.37;13.28;13.26;0.013433333;3.82;3.81;3.95;3.86;0.0061;4.4;4.32;4.4;4.37;0.002133333;r;r;k;r;r;r;r;r;r;r;r;r;r;r;w;r;r;r;r;r;r;r;r;r;r;0;1;23;1;0;0;25;0;0.04;0.92;0.04;0;0
Grumpy;21/jun;Celien;10:13;3;voor;controle;10.31;10.39;10.34;10.35;0.001633333;3.14;3.18;3.09;3.14;0.002033333;3.07;3.09;3.04;3.07;0.000633333;v;k;k;k;w;r;r;r;r;r;r;r;r;r;r;r;w;w;r;k;k;w;k;w;w;1;6;12;6;0;0;25;0.04;0.24;0.48;0.24;0;0
Grumpy;21/jun;Celien;10:13;3;na;controle;10.31;10.39;10.34;10.35;0.001633333;3.14;3.18;3.09;3.14;0.002033333;3.07;3.09;3.04;3.07;0.000633333;k;k;w;w;w;k;r;r;r;r;w;k;v;r;r;k;v;w;r;r;r;r;r;w;w;2;5;11;7;0;0;25;0.08;0.2;0.44;0.28;0;0
Simon;21/jun;Celien;10:13;3;voor;impact;12.73;12.95;12.84;12.84;0.0121;4.02;3.78;3.93;3.91;0.0147;4.07;4.14;4.09;4.1;0.0013;k;v;k;k;k;k;w;v;b;k;b;k;b;k;b;k;k;k;k;k;k;k;k;k;k;2;18;0;1;0;4;25;0.08;0.72;0;0.04;0;0.16
Simon;21/jun;Celien;10:13;3;na;impact;12.73;12.95;12.84;12.84;0.0121;4.02;3.78;3.93;3.91;0.0147;4.07;4.14;4.09;4.1;0.0013;v;k;k;k;r;r;r;r;r;r;r;w;r;r;r;r;r;r;k;v;k;k;k;w;k;2;8;13;2;0;0;25;0.08;0.32;0.52;0.08;0;0
Doc;21/jun;Eliane;11:18;3;voor;controle;12.69;12.51;12.61;12.6;0.008133333;3.84;3.79;3.8;3.81;0.0007;4.14;4.12;4.23;4.16;0.003433333;v;v;r;r;r;r;r;v;r;r;r;r;v;v;v;r;r;w;r;r;r;r;r;r;r;6;0;18;1;0;0;25;0.24;0;0.72;0.04;0;0
Doc;21/jun;Eliane;11:18;3;na;controle;12.69;12.51;12.61;12.6;0.008133333;3.84;3.79;3.8;3.81;0.0007;4.14;4.12;4.23;4.16;0.003433333;k;r;v;r;r;k;w;w;r;k;r;r;r;r;k;r;r;v;r;r;k;r;r;r;r;2;5;16;2;0;0;25;0.08;0.2;0.64;0.08;0;0
Droopy;21/jun;Eliane;11:18;3;voor;impact;13.25;13.2;13.18;13.21;0.0013;4.03;3.95;4.11;4.03;0.0064;4.49;4.42;4.45;4.45;0.001233333;v;r;w;w;r;w;r;w;r;k;w;v;w;k;w;k;w;w;r;w;v;w;w;r;r;3;3;7;12;0;0;25;0.12;0.12;0.28;0.48;0;0
Droopy;21/jun;Eliane;11:18;3;na;impact;13.25;13.2;13.18;13.21;0.0013;4.03;3.95;4.11;4.03;0.0064;4.49;4.42;4.45;4.45;0.001233333;k;r;k;k;k;k;k;w;v;r;r;k;r;r;r;r;w;r;r;r;r;r;r;r;r;1;7;15;2;0;0;25;0.04;0.28;0.6;0.08;0;0
Fabio;21/jun;Eliane;NA;NA;voor;controle;11.27;11.33;11.39;11.33;0.0036;3.6;3.58;3.57;3.58;0.000233333;3.54;3.32;3.41;3.42;0.012233333;k;k;k;v;k;k;k;k;k;k;k;k;k;k;k;k;k;k;k;r;r;r;r;r;r;1;18;6;0;0;0;25;0.04;0.72;0.24;0;0;0
Fabio;21/jun;Eliane;NA;NA;na;controle;11.27;11.33;11.39;11.33;0.0036;3.6;3.58;3.57;3.58;0.000233333;3.54;3.32;3.41;3.42;0.012233333;r;r;k;k;k;k;k;r;r;w;k;k;k;r;r;r;r;r;r;r;r;r;r;r;r;0;8;16;1;0;0;25;0;0.32;0.64;0.04;0;0
Marcel;21/jun;Eliane;NA;NA;voor;impact;10.3;10.69;10.48;10.49;0.0381;3.23;3.25;3.19;3.22;0.000933333;3.3;3.43;3.18;3.3;0.015633333;v;k;k;k;k;k;k;k;k;k;k;k;k;k;k;k;v;k;r;r;k;r;r;r;r;2;17;6;0;0;0;25;0.08;0.68;0.24;0;0;0
Marcel;21/jun;Eliane;NA;NA;na;impact;10.3;10.69;10.48;10.49;0.0381;3.23;3.25;3.19;3.22;0.000933333;3.3;3.43;3.18;3.3;0.015633333;k;r;k;r;r;r;k;r;r;r;r;r;r;k;r;r;r;r;k;r;r;r;r;r;r;0;5;20;0;0;0;25;0;0.2;0.8;0;0;0
James;21/jun;Eliane;10:08;3;voor;controle;13.4;13.29;13.28;13.32;0.004433333;4.03;3.93;3.95;3.97;0.0028;4.74;4.66;4.73;4.71;0.0019;r;r;r;r;r;r;v;r;r;r;r;r;r;r;r;r;r;r;r;r;r;r;r;r;r;1;0;24;0;0;0;25;0.04;0;0.96;0;0;0
James;21/jun;Eliane;10:08;3;na;controle;13.4;13.29;13.28;13.32;0.004433333;4.03;3.93;3.95;3.97;0.0028;4.74;4.66;4.73;4.71;0.0019;k;k;r;r;r;r;r;r;r;k;r;r;k;r;k;r;r;r;r;r;r;r;r;r;r;0;5;20;0;0;0;25;0;0.2;0.8;0;0;0
Jeremy;21/jun;Eliane;10:08;3;voor;impact;12.96;12.93;12.89;12.93;0.001233333;3.87;3.86;3.8;3.84;0.001433333;3.84;3.79;3.86;3.83;0.0013;v;r;r;r;k;r;r;r;v;k;r;r;k;r;r;r;r;r;r;r;r;k;r;r;r;2;4;19;0;0;0;25;0.08;0.16;0.76;0;0;0
Jeremy;21/jun;Eliane;10:08;3;na;impact;12.96;12.93;12.89;12.93;0.001233333;3.87;3.86;3.8;3.84;0.001433333;3.84;3.79;3.86;3.83;0.0013;k;g;r;r;r;r;w;k;r;r;k;k;w;r;k;v;r;r;r;r;r;r;r;r;r;1;5;16;2;1;0;25;0.04;0.2;0.64;0.08;0.04;0
Willy;21/jun;Celien;11:05;2;voor;impact;13.36;13.3;13.3;13.32;0.0012;3.37;3.73;3.75;3.62;0.045733333;4.42;4.56;4.44;4.47;0.005733333;v;v;w;k;r;r;r;k;k;r;v;w;r;r;r;r;r;k;k;r;r;r;r;r;k;3;6;14;2;0;0;25;0.12;0.24;0.56;0.08;0;0
Willy;21/jun;Celien;11:05;2;na;impact;13.36;13.3;13.3;13.32;0.0012;3.37;3.73;3.75;3.62;0.045733333;4.42;4.56;4.44;4.47;0.005733333;k;k;k;k;k;k;k;k;r;k;w;w;r;r;k;r;r;r;r;k;k;r;r;r;r;0;12;11;2;0;0;25;0;0.48;0.44;0.08;0;0
Lassie;21/jun;Celien;11:05;2;voor;controle;10.12;10.06;10.04;10.07;0.001733333;2.64;2.84;2.65;2.71;0.0127;2.99;2.88;2.99;2.95;0.004033333;k;w;r;v;r;k;k;k;v;k;k;k;k;r;r;r;r;k;k;r;r;r;r;r;r;2;10;12;1;0;0;25;0.08;0.4;0.48;0.04;0;0
Lassie;21/jun;Celien;11:05;2;na;controle;10.12;10.06;10.04;10.07;0.001733333;2.64;2.84;2.65;2.71;0.0127;2.99;2.88;2.99;2.95;0.004033333;k;k;k;k;k;v;k;k;k;r;r;r;r;r;r;r;r;r;r;r;r;r;r;r;v;2;8;15;0;0;0;25;0.08;0.32;0.6;0;0;0
Billy;21/jun;Celien;11:59;2;voor;controle;12.24;12.35;12.12;12.24;0.013233333;3.54;3.58;3.52;3.55;0.000933333;3.71;3.65;3.65;3.67;0.0012;k;r;r;r;r;k;w;k;k;k;k;k;k;k;r;r;k;k;k;k;k;r;r;k;r;0;15;9;1;0;0;25;0;0.6;0.36;0.04;0;0
Billy;21/jun;Celien;11:59;2;na;controle;12.24;12.35;12.12;12.24;0.013233333;3.54;3.58;3.52;3.55;0.000933333;3.71;3.65;3.65;3.67;0.0012;k;r;k;v;k;k;v;k;r;k;k;k;r;r;r;r;r;r;r;r;r;r;r;r;r;2;8;15;0;0;0;25;0.08;0.32;0.6;0;0;0
Joe;21/jun;Celien;11:59;2;voor;impact;12.62;12.95;12.75;12.77;0.027633333;3.78;3.54;3.5;3.61;0.022933333;3.95;4.05;4.05;4.02;0.003333333;k;k;r;r;r;r;r;r;r;r;r;r;r;r;r;r;r;r;r;r;r;r;r;r;r;0;2;23;0;0;0;25;0;0.08;0.92;0;0;0
Joe;21/jun;Celien;11:59;2;na;impact;12.62;12.95;12.75;12.77;0.027633333;3.78;3.54;3.5;3.61;0.022933333;3.95;4.05;4.05;4.02;0.003333333;k;k;r;r;r;r;r;r;r;r;r;r;r;r;r;r;r;r;r;r;r;k;r;r;r;0;3;22;0;0;0;25;0;0.12;0.88;0;0;0
Dopey;21/jun;Ward;13:00;4;voor;controle;12.97;13.12;13.1;13.06;0.006633333;4.04;4.01;3.94;4;0.002633333;4.16;4.14;4.17;4.16;0.000233333;v;v;k;k;k;w;r;r;k;k;v;k;r;r;r;r;r;r;r;r;r;r;r;k;k;3;8;13;1;0;0;25;0.12;0.32;0.52;0.04;0;0
Dopey;21/jun;Ward;13:00;4;na;controle;12.97;13.12;13.1;13.06;0.006633333;4.04;4.01;3.94;4;0.002633333;4.16;4.14;4.17;4.16;0.000233333;v;k;k;r;r;r;r;r;r;r;r;r;r;r;r;r;r;r;r;r;r;r;r;r;r;1;2;22;0;0;0;25;0.04;0.08;0.88;0;0;0
Fiddy;21/jun;Ward;13:00;4;voor;impact;11.66;11.51;11.51;11.56;0.0075;3.6;3.57;3.63;3.6;0.0009;4.27;4.12;4.25;4.21;0.006633333;v;k;v;k;k;k;k;v;k;k;k;k;k;k;k;k;k;k;k;k;k;k;k;k;r;3;21;1;0;0;0;25;0.12;0.84;0.04;0;0;0
Fiddy;21/jun;Ward;13:00;4;na;impact;11.66;11.51;11.51;11.56;0.0075;3.6;3.57;3.63;3.6;0.0009;4.27;4.12;4.25;4.21;0.006633333;k;k;r;k;k;r;r;k;r;r;r;r;r;r;r;k;r;r;r;r;r;r;r;r;r;0;6;19;0;0;0;25;0;0.24;0.76;0;0;0
Zorro;21/jun;Laura;10:55;2;voor;impact;13.34;13.3;13.2;13.28;0.0052;3.9;4.05;4.02;3.99;0.0063;3.89;3.88;3.74;3.84;0.007033333;k;r;r;r;r;v;r;w;w;r;r;k;r;r;w;r;r;r;r;r;w;r;w;r;r;1;2;17;5;0;0;25;0.04;0.08;0.68;0.2;0;0
Zorro;21/jun;Laura;10:55;2;na;impact;13.34;13.3;13.2;13.28;0.0052;3.9;4.05;4.02;3.99;0.0063;3.89;3.88;3.74;3.84;0.007033333;k;k;k;w;k;w;w;w;w;r;r;r;r;r;r;r;k;k;r;r;r;r;r;r;r;0;6;14;5;0;0;25;0;0.24;0.56;0.2;0;0
Spirit;21/jun;Laura;10:55;2;voor;controle;12.85;12.86;12.74;12.82;0.004433333;3.88;3.79;3.78;3.82;0.003033333;4.14;4.23;4.18;4.18;0.002033333;v;v;r;k;k;k;w;k;k;k;k;k;k;k;k;k;k;k;w;w;r;r;k;k;k;2;17;3;3;0;0;25;0.08;0.68;0.12;0.12;0;0
Spirit;21/jun;Laura;10:55;2;na;controle;12.85;12.86;12.74;12.82;0.004433333;3.88;3.79;3.78;3.82;0.003033333;4.14;4.23;4.18;4.18;0.002033333;r;r;r;w;k;k;v;k;k;k;k;k;v;k;k;k;k;v;w;r;r;r;r;k;k;3;13;7;2;0;0;25;0.12;0.52;0.28;0.08;0;0
Sleepy;21/jun;Ward;11:43;4;voor;impact;12.34;12.42;12.52;12.43;0.008133333;4.02;4.09;4.05;4.05;0.001233333;4.81;4.92;4.75;4.83;0.007433333;v;v;k;r;k;k;k;k;k;k;k;k;k;k;k;k;v;v;k;k;k;k;r;r;r;4;17;4;0;0;0;25;0.16;0.68;0.16;0;0;0
Sleepy;21/jun;Ward;11:43;4;na;impact;12.34;12.42;12.52;12.43;0.008133333;4.02;4.09;4.05;4.05;0.001233333;4.81;4.92;4.75;4.83;0.007433333;g;r;r;r;r;r;r;r;r;r;r;r;r;r;r;r;r;r;r;r;r;r;r;k;k;0;2;22;0;1;0;25;0;0.08;0.88;0;0.04;0
Sneezy;21/jun;Ward;11:43;4;voor;controle;13.04;13;13.11;13.05;0.0031;3.93;3.99;3.86;3.93;0.004233333;4.43;4.31;4.3;4.35;0.005233333;k;r;r;r;k;k;v;k;v;k;k;k;k;k;k;k;k;k;k;k;k;k;k;v;k;3;19;3;0;0;0;25;0.12;0.76;0.12;0;0;0
Sneezy;21/jun;Ward;11:43;4;na;controle;13.04;13;13.11;13.05;0.0031;3.93;3.99;3.86;3.93;0.004233333;4.43;4.31;4.3;4.35;0.005233333;k;r;k;k;k;r;r;r;r;r;r;r;r;r;r;r;r;r;r;r;r;r;r;r;r;0;4;21;0;0;0;25;0;0.16;0.84;0;0;0
Rick;21/106;Ward;10:24;5;voor;impact;12.78;12.62;12.65;12.68;0.007233333;3.71;3.55;3.62;3.63;0.006433333;4.24;4.31;4.28;4.28;0.001233333;v;v;k;k;w;r;w;k;k;w;w;w;r;w;v;r;r;k;r;r;r;w;k;k;k;3;8;7;7;0;0;25;0.12;0.32;0.28;0.28;0;0
Rick;21/106;Ward;10:24;5;na;impact;12.78;12.62;12.65;12.68;0.007233333;3.71;3.55;3.62;3.63;0.006433333;4.24;4.31;4.28;4.28;0.001233333;k;r;k;w;r;w;r;r;r;k;r;r;k;w;r;r;r;r;r;r;r;r;r;r;r;0;4;18;3;0;0;25;0;0.16;0.72;0.12;0;0
Morty;21/jun;Ward;10:24;5;voor;controle;12.9;12.99;13.05;12.98;0.0057;3.78;3.9;3.79;3.82;0.004433333;4.47;4.41;4.43;4.44;0.000933333;k;r;k;w;k;k;k;k;k;k;k;w;k;k;k;w;r;r;k;r;r;k;v;w;w;1;14;5;5;0;0;25;0.04;0.56;0.2;0.2;0;0
Morty;21/jun;Ward;10:24;5;na;controle;12.9;12.99;13.05;12.98;0.0057;3.78;3.9;3.79;3.82;0.004433333;4.47;4.41;4.43;4.44;0.000933333;v;v;w;k;r;r;r;r;r;k;k;k;k;r;k;k;w;r;r;r;w;v;w;w;k;3;8;9;5;0;0;25;0.12;0.32;0.36;0.2;0;0
Flor;21/jun;Laura;11:57;3;voor;controle;12.18;12.18;12.27;12.21;0.0027;3.69;3.68;3.7;3.69;0.0001;3.67;3.67;3.74;3.69;0.001633333;k;k;r;k;k;k;r;r;r;r;r;r;r;r;r;r;r;r;w;w;r;r;r;r;r;0;5;18;2;0;0;25;0;0.2;0.72;0.08;0;0
Flor;21/jun;Laura;11:57;3;na;controle;12.18;12.18;12.27;12.21;0.0027;3.69;3.68;3.7;3.69;0.0001;3.67;3.67;3.74;3.69;0.001633333;k;r;r;r;r;r;r;r;r;r;r;r;r;r;r;r;r;r;r;r;r;r;r;r;r;0;1;24;0;0;0;25;0;0.04;0.96;0;0;0
Tarzan;21/jun;Laura;11:57;3;voor;impact;12.31;12.38;12.34;12.34;0.001233333;3.39;3.39;3.47;3.42;0.002133333;4.11;4.12;4.13;4.12;0.0001;k;v;k;k;w;r;r;r;r;r;r;r;r;r;v;w;w;r;r;r;r;r;r;r;r;2;3;17;3;0;0;25;0.08;0.12;0.68;0.12;0;0
Tarzan;21/jun;Laura;11:57;3;na;impact;12.31;12.38;12.34;12.34;0.001233333;3.39;3.39;3.47;3.42;0.002133333;4.11;4.12;4.13;4.12;0.0001;k;r;r;v;k;v;r;r;r;r;r;r;r;r;r;r;r;r;r;r;r;r;r;r;r;2;2;21;0;0;0;25;0.08;0.08;0.84;0;0;0
Jordan;21/jun;Laura;NA;2;voor;controle;10.87;10.71;10.79;10.79;0.0064;3.35;3.4;3.37;3.37;0.000633333;3.55;3.61;3.55;3.57;0.0012;v;k;b;k;k;k;r;k;r;r;r;r;r;r;r;r;r;r;k;k;k;k;k;k;k;1;12;11;0;0;1;25;0.04;0.48;0.44;0;0;0.04
Jordan;21/jun;Laura;NA;2;na;controle;10.87;10.71;10.79;10.79;0.0064;3.35;3.4;3.37;3.37;0.000633333;3.55;3.61;3.55;3.57;0.0012;k;r;r;r;k;k;r;r;r;r;r;r;r;r;r;r;r;r;r;r;r;r;r;r;r;0;3;22;0;0;0;25;0;0.12;0.88;0;0;0
Jommeke;21/jun;Laura;NA;2;voor;impact;12.68;12.53;12.67;12.63;0.007033333;3.77;3.86;3.68;3.77;0.0081;3.99;4.1;4.03;4.04;0.0031;v;k;k;k;k;k;r;r;r;r;r;r;r;r;r;r;k;k;k;k;b;b;k;k;b;1;11;10;0;0;3;25;0.04;0.44;0.4;0;0;0.12
Jommeke;21/jun;Laura;NA;2;na;impact;12.68;12.53;12.67;12.63;0.007033333;3.77;3.86;3.68;3.77;0.0081;3.99;4.1;4.03;4.04;0.0031;k;k;r;r;r;r;k;r;r;r;r;r;r;r;r;r;r;r;r;r;r;r;r;r;r;0;3;22;0;0;0;25;0;0.12;0.88;0;0;0
